-- users 資料插入
INSERT INTO users (name, organization) VALUES 
('陳家豪', 'NCTU'), ('林怡君', 'NTHU'), ('黃雅婷', 'NTU'), ('張冠宇', 'Google'), ('李志明', 'TSMC'),
('王淑芬', 'Microsoft'), ('吳俊宏', 'MediaTek'), ('劉欣怡', 'Shopee'), ('蔡佩珊', 'NCTU'), ('楊宗翰', 'NTHU'),
('許家瑋', 'NTU'), ('鄭雅雯', 'NCCU'), ('謝承恩', 'Line'), ('郭建宏', 'Apple'), ('洪郁婷', 'NCTU'),
('曾冠廷', 'NTHU'), ('邱柏宇', 'TSMC'), ('廖怡萱', 'ASUS'), ('賴建志', 'Acer'), ('徐佳琪', 'NCTU'),
('周俊傑', 'NTHU'), ('葉詩涵', 'Google'), ('林志偉', 'Meta'), ('陳怡婷', 'NCTU'), ('黃建國', 'NTHU'),
('張雅慧', 'TSMC'), ('李柏宏', 'MediaTek'), ('王靜怡', 'NCTU'), ('吳志強', 'NTU'), ('劉心怡', 'NCTU'),
('蔡宗憲', 'NTHU'), ('楊佳穎', 'NCTU'), ('許志豪', 'Google'), ('鄭明輝', 'Microsoft'), ('謝雅君', 'NCTU'),
('郭子軒', 'NTHU'), ('洪瑋倫', 'TSMC'), ('曾筱涵', 'NCTU'), ('邱彥廷', 'NTU'), ('廖婉君', 'Shopee'),
('賴俊佑', 'Uber'), ('徐宜靜', 'Foodpanda'), ('周偉哲', 'NCTU'), ('葉昱廷', 'NTHU'), ('林欣儀', 'NCTU'),
('陳信宏', 'MediaTek'), ('黃思妤', 'Realtek'), ('張智偉', 'NCTU'), ('李美玲', 'NTHU'), ('王俊男', 'NTU'),
('吳佩蓉', 'NCTU'), ('劉家榮', 'TSMC'), ('蔡依婷', 'Google'), ('楊凱文', 'NCTU'), ('許瑋婷', 'NTHU'),
('鄭博文', 'NCTU'), ('謝孟儒', 'Microsoft'), ('郭家銘', 'NCTU'), ('洪詩雅', 'NTU'), ('曾建宇', 'NTHU'),
('邱奕翔', 'NCTU'), ('廖柏翰', 'TSMC'), ('賴郁雯', 'MediaTek'), ('徐冠霖', 'NCTU'), ('周秀琴', 'NTHU'),
('葉承翰', 'NCTU'), ('林冠志', 'Google'), ('陳宛庭', 'NCTU'), ('黃建華', 'NTHU'), ('張惠雯', 'NTU'),
('李冠儀', 'NCTU'), ('王柏翔', 'TSMC'), ('吳淑華', 'NCTU'), ('劉俊賢', 'NTHU'), ('蔡宜君', 'NCTU'),
('楊宗緯', 'Microsoft'), ('許哲瑋', 'NCTU'), ('鄭佳霖', 'NTHU'), ('謝佳穎', 'NCTU'), ('郭怡君', 'Google'),
('洪建文', 'NCTU'), ('曾雅芳', 'NTHU'), ('邱志偉', 'TSMC'), ('廖家豪', 'MediaTek'), ('賴昱廷', 'NCTU'),
('徐雅琪', 'NTU'), ('周秉宏', 'NCTU'), ('葉俊緯', 'NTHU'), ('林佩君', 'NCTU'), ('陳志豪', 'TSMC'),
('黃俊凱', 'NCTU'), ('張鈺婷', 'NTHU'), ('李思翰', 'NCTU'), ('王詩雅', 'Microsoft'), ('吳建良', 'NCTU'),
('劉書瑋', 'NTHU'), ('蔡孟達', 'NCTU'), ('楊淑君', 'Google'), ('許凱婷', 'NTU'), ('鄭文彬', 'NCTU');
-- 確保下一筆新增的 user_id 會從 101 開始
SELECT setval(pg_get_serial_sequence('users', 'user_id'), (SELECT MAX(user_id) FROM users));

-- phone 資料插入
INSERT INTO phone (phone_number, user_id) VALUES 
('0910001001', 1), ('0910001002', 2), ('0910001003', 3), ('0910001004', 4), ('0910001005', 5),
('0910001006', 6), ('0910001007', 7), ('0910001008', 8), ('0910001009', 9), ('0910001010', 10),
('0920002011', 11), ('0920002012', 12), ('0920002013', 13), ('0920002014', 14), ('0920002015', 15),
('0920002016', 16), ('0920002017', 17), ('0920002018', 18), ('0920002019', 19), ('0920002020', 20),
('0930003021', 21), ('0930003022', 22), ('0930003023', 23), ('0930003024', 24), ('0930003025', 25),
('0930003026', 26), ('0930003027', 27), ('0930003028', 28), ('0930003029', 29), ('0930003030', 30),
('0911004031', 31), ('0911004032', 32), ('0911004033', 33), ('0911004034', 34), ('0911004035', 35),
('0911004036', 36), ('0911004037', 37), ('0911004038', 38), ('0911004039', 39), ('0911004040', 40),
('0922005041', 41), ('0922005042', 42), ('0922005043', 43), ('0922005044', 44), ('0922005045', 45),
('0922005046', 46), ('0922005047', 47), ('0922005048', 48), ('0922005049', 49), ('0922005050', 50),
('0933006051', 51), ('0933006052', 52), ('0933006053', 53), ('0933006054', 54), ('0933006055', 55),
('0933006056', 56), ('0933006057', 57), ('0933006058', 58), ('0933006059', 59), ('0933006060', 60),
('0955007061', 61), ('0955007062', 62), ('0955007063', 63), ('0955007064', 64), ('0955007065', 65),
('0955007066', 66), ('0955007067', 67), ('0955007068', 68), ('0955007069', 69), ('0955007070', 70),
('0966008071', 71), ('0966008072', 72), ('0966008073', 73), ('0966008074', 74), ('0966008075', 75),
('0966008076', 76), ('0966008077', 77), ('0966008078', 78), ('0966008079', 79), ('0966008080', 80),
('0977009081', 81), ('0977009082', 82), ('0977009083', 83), ('0977009084', 84), ('0977009085', 85),
('0977009086', 86), ('0977009087', 87), ('0977009088', 88), ('0977009089', 89), ('0977009090', 90),
('0988000091', 91), ('0988000092', 92), ('0988000093', 93), ('0988000094', 94), ('0988000095', 95),
('0988000096', 96), ('0988000097', 97), ('0988000098', 98), ('0988000099', 99), ('0988000100', 100);

-- categories 資料插入
INSERT INTO categories (name) VALUES 
('教科書/參考書'), 
('筆記型電腦'), 
('手機/平板'), 
('電腦周邊配件'), 
('攝影器材'),
('生活家電'), 
('家具/寢具'), 
('流行服飾'), 
('鞋包/配件'), 
('美妝/保養'),
('運動/戶外用品'), 
('電玩遊戲'), 
('票券/點數卡'), 
('文具/辦公用品'), 
('一般書籍/雜誌'),
('樂器'), 
('機車/腳踏車'), 
('寵物用品'), 
('手作/設計小物'), 
('其他');
SELECT setval(pg_get_serial_sequence('categories', 'category_id'), (SELECT MAX(category_id) FROM categories));

-- location 資料插入
INSERT INTO location (location_name, city, district, street, number) VALUES 
-- 新竹區 (交大/清大周邊)
('交大光復校區', '新竹市', '東區', '大學路', '1001號'),
('清華大學', '新竹市', '東區', '光復路二段', '101號'),
('交大土地公廟', '新竹市', '東區', '大學路', '50號'),
('清大夜市 (清夜)', '新竹市', '東區', '建功路', '20號'),
('金山街商圈', '新竹市', '東區', '金山街', '30號'),
('交大博愛校區', '新竹市', '東區', '大學路', '1號'),
('愛買新竹店', '新竹市', '東區', '公道五路二段', '469號'),
('好市多 (Costco)', '新竹市', '東區', '慈雲路', '182號'),
('新竹馬偕醫院', '新竹市', '東區', '光復路二段', '295號'),
('新竹火車站', '新竹市', '東區', '中華路二段', '445號'),
('新竹高鐵站', '新竹縣', '竹北市', '高鐵七路', '6號'),
('新竹巨城 (Big City)', '新竹市', '東區', '勝利路', '1號'),
('晶品城購物廣場', '新竹市', '東區', '林森路', '18號'),
('新竹大遠百', '新竹市', '北區', '西大路', '323號'),
('竹北大遠百', '新竹縣', '竹北市', '莊敬北路', '18號'),
('清大南大校區', '新竹市', '東區', '南大路', '521號'),
('新莊車站', '新竹市', '東區', '新莊街', '120號'),
('長春街口', '新竹市', '東區', '長春街', '55號'),
('關新公園', '新竹市', '東區', '關新路', '19巷'),
('迪卡儂新竹店', '新竹市', '東區', '埔頂路', '88號'),
-- 台北區
('台灣大學', '台北市', '大安區', '羅斯福路四段', '1號'),
('台北車站', '台北市', '中正區', '北平西路', '3號'),
('台北101', '台北市', '信義區', '市府路', '45號'),
('東區商圈', '台北市', '大安區', '忠孝東路四段', '200號'),
('台北小巨蛋', '台北市', '松山區', '南京東路四段', '2號'),
('東吳大學', '台北市', '士林區', '臨溪路', '70號'),
('政治大學', '台北市', '文山區', '指南路二段', '64號'),
('美麗華百樂園', '台北市', '中山區', '敬業三路', '20號'),
('統一時代百貨', '台北市', '信義區', '忠孝東路五段', '8號'),
('板橋大遠百', '新北市', '板橋區', '新站路', '28號'),
-- 台中區
('東海大學', '台中市', '西屯區', '台灣大道四段', '1727號'),
('中興大學', '台中市', '南區', '興大路', '145號'),
('逢甲夜市', '台中市', '西屯區', '文華路', '100號'),
('台中大遠百', '台中市', '西屯區', '台灣大道三段', '251號'),
('中友百貨', '台中市', '北區', '三民路三段', '161號'),
('勤美誠品', '台中市', '西區', '公益路', '68號'),
('台中火車站', '台中市', '中區', '台灣大道一段', '1號'),
('台中高鐵站', '台中市', '烏日區', '站區二路', '8號'),
('秋紅谷', '台中市', '西屯區', '市政北七路', '77號'),
('秀泰生活文心店', '台中市', '南屯區', '文心南路', '289號'),
-- 台南/高雄區
('成功大學', '台南市', '東區', '大學路', '1號'),
('南紡購物中心', '台南市', '東區', '中華東路一段', '366號'),
('新光三越新天地', '台南市', '中西區', '西門路一段', '658號'),
('台南高鐵站', '台南市', '仁德區', '歸仁大道', '100號'),
('中山大學', '高雄市', '鼓山區', '蓮海路', '70號'),
('左營高鐵站', '高雄市', '左營區', '高鐵路', '105號'),
('新光三越三多店', '高雄市', '前鎮區', '三多三路', '213號'),
('大立百貨', '高雄市', '苓雅區', '五福三路', '57號'),
('高雄科技大學', '高雄市', '三民區', '建工路', '415號'),
('高雄大學', '高雄市', '楠梓區', '高雄大學路', '700號');

SELECT setval(pg_get_serial_sequence('location', 'location_id'), (SELECT MAX(location_id) FROM location));

-- post 資料插入
INSERT INTO post (user_id, description, available) VALUES 
(1, '期末考完了，微積分課本 Thomas Calculus 14th Edition 用不到了，贈送給學弟妹', true),
(5, '換新手機，舊的 iPhone 13 手機殼跟保護貼多出來，免費贈送', true),
(12, '搬家帶不走，IKEA LINNMON 書桌，白色，需自取', true),
(23, '多搶到一張五月天海報，贈送給喜歡的五迷', true),
(8, '羅技無線滑鼠 G304，換了新款故贈出舊的，功能正常', true),
(45, 'Dyson 吹風機的吹嘴配件（沒在用），贈送', true),
(67, '宿舍清空間，贈送三層櫃，有點舊但堪用', true),
(3, '計算機架構課本，雖然有筆記但希望能幫到人', true),
(89, 'AirPods Pro 2 的替換耳塞（全新），用不到贈送', true),
(10, '畢業了，腳踏車帶不走，贈送給有緣人，需自行去水源修車', true),
(34, 'Costco 買太多的衛生紙，剩下一串，贈送給需要的室友', true),
(56, 'Switch 薩爾達傳說海報，預購送的，送給喜歡的人', true),
(78, '線性代數 Linear Algebra 課本，轉讓', true),
(90, 'Uniqlo 羽絨外套 M 號，變胖穿不下... 贈送', true),
(22, '星巴克買一送一券，期限快到了，送給這兩天會喝的人', true),
(11, 'Sony 耳機收納盒（原廠），只有盒子喔，贈送', true),
(44, '大一英文課本 Reading Explorer 3，甚至沒寫過幾頁...', true),
(99, '快煮鍋，畢業出清，功能正常贈送', true),
(33, 'Nike 鞋盒（硬殼），適合收納，贈送', true),
(66, 'iPad 保護套，紫色，邊角有點磨損，不介意再索取', true),
(2, '普通物理學課本 University Physics 上冊，傳承給學弟妹', true),
(4, '普通物理學課本 University Physics 下冊，傳承給學弟妹', true),
(6, '機械式鍵盤鍵帽（原本的），換下來用不到，贈送', true),
(7, '宿舍椅墊，畢業帶不走，洗乾淨了', true),
(9, '延長線，多一條用不到，贈送', true),
(13, 'PS5 手把的保護套，黑色矽膠，贈送', true),
(14, '資料庫系統概論講義，印出來的，整理得很齊全', true),
(15, 'Adidas 運動長褲 L 號，買錯尺寸，剪標了無法退，贈送', true),
(16, '小米手環充電線（舊款），手環壞了線留著沒用', true),
(17, 'Nespresso 咖啡膠囊（剩兩顆），口味喝不慣', true),
(18, '工程數學筆記，字跡工整，希望能幫到人', true),
(19, '小型除濕盒（需插電），適合衣櫃，贈送', true),
(20, '小電扇，USB接頭，贈送', true),
(21, 'Apple Watch 錶帶（副廠），午夜色，戴不習慣', true),
(24, '經濟學原理考古題，整理好的', true),
(25, 'The North Face 購物袋，紙袋，很厚實', true),
(26, '羅技鍵盤膜，全新未拆', true),
(27, '瑜珈墊，這學期體育課用完就沒用到了，贈送', true),
(28, 'Kindle 保護套，贈送', true),
(29, '恐龍書 Operating System Concepts，有點破舊，不介意再拿', true),
(30, '吹風機架，貼牆式的，贈送', true),
(31, '藍牙喇叭收納袋，贈送', true),
(32, 'Micro USB 充電線，現在都用不到了一次全送', true),
(35, '無印良品筆記本，多買一本，全新', true),
(36, 'MacBook 鍵盤膜，透明，全新', true),
(37, '演算法講義 (CLRS重點整理)', true),
(38, 'Converse 鞋帶（白色），多出來的', true),
(39, 'BRITA 濾芯（過期但未拆封），不介意者自取', true),
(40, 'GoPro 貼紙，贈送', true),
(41, '離散數學課本，轉讓', true),
(42, 'HDMI 線，多一條，贈送', true),
(43, 'IKEA 燈泡，黃光，買錯規格', true),
(46, 'Switch 類比搖桿保護套（貓爪圖案）', true),
(47, '統計學筆記', true),
(48, '牛仔外套，衣況良好，斷捨離', true),
(49, '手機支架，贈送', true),
(50, '相機清潔組（吹球+拭鏡布），贈送', true),
(51, '機率論課本，贈送', true),
(52, '耳機替換塞 (Galaxy Buds)，全新', true),
(53, '全身鏡，搬家帶不走，需自取', true),
(54, '空拍機收納包，贈送', true),
(55, 'Python 入門書，學完用不到了', true),
(57, '鞋撐，防止鞋子變形，贈送', true),
(58, '電腦椅，網布有點破，但升降功能正常，不介意者自取', true),
(59, 'Apple Pencil 筆尖（副廠），買多用不完', true),
(60, '電子學實驗衣，只穿過一學期', true),
(61, '手錶保護貼 Garmin 255，多一片', true),
(62, '水壺袋，贈送', true),
(63, '拍立得底片（過期），可能顯色有色差，當LOMO風', true),
(64, 'C++ 參考書，年代久遠，贈送', true),
(65, '工裝褲，腰圍變了穿不下，贈送', true),
(68, '筆電散熱墊，風扇好像不太轉了，當架子用', true),
(69, 'Surface 觸控筆筆芯，贈送', true),
(70, '訊號與系統考古題', true),
(71, '喇叭音源線 (AUX)，贈送', true),
(72, '曬衣夾一包，畢業贈送', true),
(73, '相機背帶，原廠的沒在用', true),
(74, '人工智慧相關論文集，整理好的', true),
(75, 'Gap 帽 T，微起毛球，當睡衣很舒服，贈送', true),
(76, 'Type-C 線，接觸不良但喬一下可以充，不介意再拿', true),
(77, '相機蓋 (Sony E環)，多一個', true),
(79, '編譯器原理課本，書況佳', true),
(80, '耳機清潔棒，多買的', true),
(81, '製冰盒，夏天過了用不到', true),
(82, 'Steam 點數卡餘額 30 元，序號贈送', true),
(83, '計算機網路課本，封面有折痕', true),
(84, 'Vans 鞋盒', true),
(85, '螢幕擦拭布，全新', true),
(86, '相機手腕帶，贈送', true),
(87, 'Java 講義', true),
(88, '滑鼠墊 (Razer)，邊緣有點翹起', true),
(91, '收納箱，搬家帶不走，有三個', true),
(92, '耳機架，贈送', true),
(93, '數位邏輯實習材料包 (IC晶片)', true),
(94, '毛帽，黑色，戴過一次不適合', true),
(95, 'USB 轉接頭', true),
(96, '鏡頭蓋 67mm，撿到的... 看有沒有人掉', true),
(97, '軟體工程課本，全英文', true),
(98, '鍵盤拔軸器，贈送', true),
(100, 'IKEA 鯊魚，太多隻了送養一隻 (以此紀念我的宿舍生活)', true);

-- item 資料插入
INSERT INTO item (category_id, post_id, location_id, item_name, expiration_date, quantity) VALUES 
(1, 1, 1, '微積分 Thomas Calculus 14th', '2026-01-31', 1),
(3, 2, 5, 'iPhone 13 手機殼+保貼', '2025-12-31', 1),
(7, 3, 10, 'IKEA LINNMON 書桌', '2025-06-30', 1),
(13, 4, 22, '五月天海報', '2025-12-25', 1),
(4, 5, 2, '羅技 G304 滑鼠(舊)', '2026-06-30', 1),
(6, 6, 8, 'Dyson 吹嘴配件', '2025-12-31', 1),
(7, 7, 1, '三層櫃', '2025-08-31', 1),
(1, 8, 3, '計算機架構課本', '2026-02-28', 1),
(3, 9, 4, 'AirPods Pro 2 耳塞', '2025-12-31', 1),
(17, 10, 6, 'Giant 腳踏車(舊)', '2025-09-30', 1),
(20, 11, 7, 'Kirkland 衛生紙 (一串)', '2025-12-31', 6),
(12, 12, 9, '薩爾達傳說海報', '2025-12-31', 1),
(1, 13, 11, '線性代數課本', '2026-02-28', 1),
(8, 14, 12, 'Uniqlo 羽絨外套 M', '2026-03-31', 1),
(13, 15, 13, '星巴克買一送一券', '2025-12-31', 5),
(3, 16, 14, 'Sony 耳機收納盒', '2025-12-31', 1),
(1, 17, 1, 'Reading Explorer 3', '2026-01-31', 1),
(6, 18, 2, '快煮鍋', '2025-12-31', 1),
(9, 19, 3, 'Nike 鞋盒', '2026-12-31', 1),
(3, 20, 4, 'iPad 保護套 紫', '2025-12-31', 1),
(1, 21, 5, '普通物理學 (上)', '2026-02-28', 1),
(1, 22, 5, '普通物理學 (下)', '2026-02-28', 1),
(4, 23, 6, '機械鍵盤鍵帽', '2025-12-31', 1),
(7, 24, 1, '宿舍椅墊', '2025-12-31', 1),
(4, 25, 2, '延長線', '2026-12-31', 1),
(12, 26, 8, 'PS5 手把保護套', '2025-12-31', 1),
(1, 27, 1, '資料庫講義', '2026-02-28', 1),
(8, 28, 15, 'Adidas 運動長褲 L', '2026-12-31', 1),
(3, 29, 16, '小米手環充電線', '2025-12-31', 1),
(6, 30, 17, 'Nespresso 膠囊(2顆)', '2025-12-31', 1),
(1, 31, 3, '工程數學筆記', '2026-02-28', 1),
(6, 32, 1, '小型除濕盒', '2025-06-30', 1),
(6, 33, 2, 'USB 小電扇', '2025-09-30', 1),
(3, 34, 4, 'Apple Watch 錶帶', '2025-12-31', 1),
(1, 35, 5, '經濟學考古題', '2026-02-28', 1),
(9, 36, 20, 'TNF 購物紙袋', '2026-12-31', 1),
(4, 37, 21, '羅技鍵盤膜', '2025-12-31', 1),
(11, 38, 22, '瑜珈墊', '2025-12-31', 1),
(3, 39, 23, 'Kindle 保護套', '2025-12-31', 1),
(1, 40, 1, '作業系統 (恐龍書)', '2026-02-28', 1),
(6, 41, 10, '吹風機架', '2025-12-31', 1),
(3, 42, 12, '喇叭收納袋', '2025-12-31', 1),
(3, 43, 14, 'Micro USB 線', '2025-12-31', 1),
(14, 44, 2, '無印良品筆記本', '2026-12-31', 5),
(2, 45, 1, 'MacBook 鍵盤膜', '2025-12-31', 1),
(1, 46, 3, '演算法講義', '2026-02-28', 1),
(9, 47, 4, 'Converse 鞋帶 白', '2026-12-31', 1),
(6, 48, 5, 'BRITA 濾芯(過期)', '2025-12-31', 1),
(5, 49, 6, 'GoPro 貼紙', '2025-12-31', 1),
(1, 50, 7, '離散數學課本', '2026-02-28', 1),
(4, 51, 8, 'HDMI 線', '2025-12-31', 1),
(7, 52, 1, 'IKEA 燈泡 黃光', '2025-12-31', 1),
(12, 53, 9, 'Switch 搖桿套', '2025-12-31', 1),
(1, 54, 2, '統計學筆記', '2026-02-28', 1),
(8, 55, 30, '牛仔外套', '2026-12-31', 1),
(3, 56, 15, '手機支架', '2025-12-31', 1),
(5, 57, 18, '相機清潔組', '2025-12-31', 1),
(1, 58, 4, '機率論課本', '2026-02-28', 1),
(3, 59, 11, 'Buds 耳機塞', '2025-12-31', 1),
(7, 60, 1, '全身鏡', '2025-12-31', 1),
(5, 61, 25, '空拍機收納包', '2025-12-31', 1),
(1, 62, 2, 'Python 入門書', '2026-12-31', 1),
(9, 63, 10, '鞋撐', '2026-12-31', 1),
(7, 64, 1, '電腦椅', '2025-12-31', 1),
(3, 65, 3, 'Apple Pencil 筆尖', '2025-12-31', 1),
(1, 66, 5, '電子學實驗衣', '2026-02-28', 1),
(3, 67, 40, 'Garmin 手錶保貼', '2025-12-31', 1),
(6, 68, 6, '水壺袋', '2025-12-31', 1),
(5, 69, 20, '拍立得底片(過期)', '2025-12-31', 1),
(1, 70, 7, 'C++ 參考書', '2026-12-31', 1),
(8, 71, 15, '工裝褲', '2026-12-31', 1),
(4, 72, 1, '筆電散熱墊', '2025-12-31', 1),
(2, 73, 2, 'Surface 筆芯', '2025-12-31', 1),
(1, 74, 3, '訊號與系統考古', '2026-02-28', 1),
(3, 75, 5, 'AUX 音源線', '2025-12-31', 1),
(7, 76, 1, '曬衣夾一包', '2025-12-31', 1),
(5, 77, 45, '相機背帶', '2025-12-31', 1),
(1, 78, 2, 'AI 論文集', '2026-02-28', 1),
(8, 79, 30, 'Gap 帽 T', '2026-12-31', 1),
(3, 80, 12, 'Type-C 線', '2025-12-31', 1),
(5, 81, 18, '相機鏡頭蓋', '2025-12-31', 1),
(1, 82, 4, '編譯器原理課本', '2026-02-28', 1),
(3, 83, 6, '耳機清潔棒', '2025-12-31', 1),
(6, 84, 1, '製冰盒', '2025-12-31', 1),
(12, 85, 3, 'Steam 點數序號', '2025-12-31', 1),
(1, 86, 2, '計算機網路課本', '2026-02-28', 1),
(9, 87, 8, 'Vans 鞋盒', '2026-12-31', 1),
(4, 88, 1, '螢幕擦拭布', '2025-12-31', 1),
(5, 89, 40, '相機手腕帶', '2025-12-31', 1),
(1, 90, 5, 'Java 講義', '2026-12-31', 1),
(4, 91, 10, 'Razer 滑鼠墊', '2025-12-31', 1),
(7, 92, 1, '收納箱', '2025-12-31', 3),
(3, 93, 2, '耳機架', '2025-12-31', 1),
(1, 94, 3, '數位邏輯材料包', '2026-02-28', 1),
(8, 95, 20, '毛帽 黑', '2026-12-31', 1),
(4, 96, 4, 'USB 轉接頭', '2025-12-31', 1),
(5, 97, 18, '鏡頭蓋 67mm', '2025-12-31', 1),
(1, 98, 7, '軟體工程課本', '2026-02-28', 1),
(4, 99, 1, '鍵盤拔軸器', '2025-12-31', 1),
(20, 100, 10, 'IKEA 鯊魚', '2026-12-31', 1);

-- trade 資料插入
INSERT INTO trade (user_id, item_id, quantity, trade_time) VALUES 
(2, 1, 1, '2025-12-01 10:00:00'),
(3, 2, 1, '2025-12-01 11:00:00'),
(4, 3, 1, '2025-12-01 12:00:00'),
(5, 4, 1, '2025-12-01 13:00:00'),
(6, 5, 1, '2025-12-02 09:00:00'),
(7, 6, 1, '2025-12-02 10:00:00'),
(8, 7, 1, '2025-12-02 11:00:00'),
(9, 8, 1, '2025-12-02 12:00:00'),
(10, 9, 1, '2025-12-02 13:00:00'),
(11, 10, 1, '2025-12-03 09:00:00'),
(12, 11, 1, '2025-12-03 10:00:00'),
(13, 12, 1, '2025-12-03 11:00:00'),
(14, 13, 1, '2025-12-03 12:00:00'),
(15, 14, 1, '2025-12-03 13:00:00'),
(16, 15, 1, '2025-12-04 09:00:00'),
(17, 16, 1, '2025-12-04 10:00:00'),
(18, 17, 1, '2025-12-04 11:00:00'),
(19, 18, 1, '2025-12-04 12:00:00'),
(20, 19, 1, '2025-12-04 13:00:00'),
(21, 20, 1, '2025-12-05 09:00:00'),
(22, 21, 1, '2025-12-05 10:00:00'),
(23, 22, 1, '2025-12-05 11:00:00'),
(24, 23, 1, '2025-12-05 12:00:00'),
(25, 24, 1, '2025-12-05 13:00:00'),
(26, 25, 1, '2025-12-06 09:00:00'),
(27, 26, 1, '2025-12-06 10:00:00'),
(28, 27, 1, '2025-12-06 11:00:00'),
(29, 28, 1, '2025-12-06 12:00:00'),
(30, 29, 1, '2025-12-06 13:00:00'),
(31, 30, 1, '2025-12-07 09:00:00'),
(32, 31, 1, '2025-12-07 10:00:00'),
(33, 32, 1, '2025-12-07 11:00:00'),
(34, 33, 1, '2025-12-07 12:00:00'),
(35, 34, 1, '2025-12-07 13:00:00'),
(36, 35, 1, '2025-12-08 09:00:00'),
(37, 36, 1, '2025-12-08 10:00:00'),
(38, 37, 1, '2025-12-08 11:00:00'),
(39, 38, 1, '2025-12-08 12:00:00'),
(40, 39, 1, '2025-12-08 13:00:00'),
(41, 40, 1, '2025-12-09 09:00:00'),
(42, 41, 1, '2025-12-09 10:00:00'),
(43, 42, 1, '2025-12-09 11:00:00'),
(44, 43, 1, '2025-12-09 12:00:00'),
(45, 44, 1, '2025-12-09 13:00:00'),
(46, 45, 1, '2025-12-10 09:00:00'),
(47, 46, 1, '2025-12-10 10:00:00'),
(48, 47, 1, '2025-12-10 11:00:00'),
(49, 48, 1, '2025-12-10 12:00:00'),
(50, 49, 1, '2025-12-10 13:00:00'),
(51, 50, 1, '2025-12-11 09:00:00');

-- comment 資料插入
INSERT INTO comment (post_id, user_id, rating, comment_str) VALUES 
(1, 2, 5, '謝謝學長贈書！書況保持得超好！'),
(2, 3, 5, '手機殼很漂亮，剛好跟我手機很搭，謝謝！'),
(3, 4, 5, '桌子很穩，謝謝你不厭其煩跟我約時間'),
(4, 5, 5, '天啊五迷感謝！海報我會好好收藏的！'),
(5, 6, 4, '滑鼠雖然是舊款但很靈敏，感謝'),
(6, 7, 5, '吹嘴剛好合用，省了一筆錢，大感謝'),
(7, 8, 5, '櫃子剛好塞進宿舍縫隙，完美'),
(8, 9, 5, '課本筆記很詳細，祝學長畢業快樂'),
(9, 10, 5, '耳塞是全新的，感謝'),
(10, 11, 4, '腳踏車還能騎，只需稍微打氣，謝謝'),
(11, 12, 5, '衛生紙救星！剛好用完'),
(12, 13, 5, '薩爾達海報超帥！謝謝割愛'),
(13, 14, 5, '線性代數救星！感謝贈書'),
(14, 15, 5, '外套很暖，謝謝'),
(15, 16, 5, '謝謝你的券，讓我度過美好的下午'),
(16, 17, 5, '收納盒很實用，謝謝'),
(17, 18, 5, '課本很新，感謝'),
(18, 19, 5, '快煮鍋功能正常，謝謝'),
(19, 20, 5, '鞋盒拿來裝雜物剛好'),
(20, 21, 5, 'iPad 保護套雖然有使用痕跡，但還是很好用，謝謝'),
(21, 22, 5, '物理課本剛好缺上冊，感謝'),
(22, 23, 5, '物理課本下冊也收到了，謝謝'),
(23, 24, 5, '鍵帽剛剛好補上我缺的那顆，完美'),
(24, 25, 5, '椅墊坐起來很舒服'),
(25, 26, 5, '延長線功能正常，謝謝'),
(26, 27, 5, '保護套很貼合，謝謝'),
(27, 28, 5, '資料庫講義整理得很好'),
(28, 29, 5, '褲子尺寸剛好，謝謝'),
(29, 30, 5, '充電線還能用，感謝'),
(30, 31, 3, '咖啡口味喝不慣，但還是謝謝'),
(31, 32, 5, '筆記很工整，謝謝學長'),
(32, 33, 5, '除濕盒放在衣櫃剛好'),
(33, 34, 5, '小電扇風力還行，謝謝'),
(34, 35, 5, '錶帶顏色好看'),
(35, 36, 5, '考古題太珍貴了！'),
(36, 37, 5, '袋子很厚實'),
(37, 38, 5, '鍵盤膜剛好合用'),
(38, 39, 5, '瑜珈墊很乾淨，謝謝'),
(39, 40, 5, 'Kindle 保護套很合身'),
(40, 41, 5, '恐龍書雖然舊但沒缺頁'),
(41, 42, 5, '吹風機架很方便，浴室變整齊了'),
(42, 43, 5, '收納袋質感不錯'),
(43, 44, 5, '線材可以用，謝謝'),
(44, 45, 5, '筆記本是全新的！人也太好了吧'),
(45, 46, 5, '鍵盤膜救了我的電腦，感謝'),
(46, 47, 5, '講義受用無窮'),
(47, 48, 5, '鞋帶剛好斷了，謝謝'),
(48, 49, 5, '濾芯雖然過期但看起來沒變質，謝謝'),
(49, 50, 5, '貼紙很酷'),
(50, 51, 5, '課本很新，感謝');

SELECT setval(pg_get_serial_sequence('post', 'post_id'), (SELECT MAX(post_id) FROM post));
SELECT setval(pg_get_serial_sequence('item', 'item_id'), (SELECT MAX(item_id) FROM item));
SELECT setval(pg_get_serial_sequence('comment', 'comment_id'), (SELECT MAX(comment_id) FROM comment));
SELECT setval(pg_get_serial_sequence('trade', 'trade_id'), (SELECT MAX(trade_id) FROM trade));

-- 測試多物品貼文

-- 1. 新增一篇「畢業大禮包」的貼文 (User 1 發布)
INSERT INTO post (user_id, description, available) 
VALUES (1, '畢業大出清！這三樣東西一起送，可以分開索取', true);

-- 2. 在這篇貼文底下，掛入 3 個物品
-- 我們用 (SELECT MAX(post_id) FROM post) 來抓剛剛建立的那篇貼文 ID
INSERT INTO item (category_id, post_id, location_id, item_name, expiration_date, quantity) 
VALUES (7, (SELECT MAX(post_id) FROM post), 1, '大整理箱', '2026-06-30 23:59:59', 1),
(6, (SELECT MAX(post_id) FROM post), 1, '延長線', '2026-06-30 23:59:59', 1),
(14, (SELECT MAX(post_id) FROM post), 1, '文具組', '2026-06-30 23:59:59', 1);

-- 先移除一個（貼文未下架）
INSERT INTO trade (user_id, item_id, quantity, trade_time) 
VALUES (2, (SELECT item_id FROM item WHERE item_name = '延長線' ORDER BY item_id DESC LIMIT 1), 1, NOW());

-- 再把其他的也移掉（貼文下架）
INSERT INTO trade (user_id, item_id, quantity, trade_time) 
VALUES 
(3, (SELECT item_id FROM item WHERE item_name = '大整理箱' ORDER BY item_id DESC LIMIT 1), 1, NOW()),
(4, (SELECT item_id FROM item WHERE item_name = '文具組' ORDER BY item_id DESC LIMIT 1), 1, NOW());

-- 稍微看一下前面的東西
SELECT 
    p.post_id,
    u.name AS 贈送者,
    p.description AS 貼文內容,
    i.item_name AS 物品名稱,
    i.quantity AS 剩餘數量,
    c.name AS 分類,
    l.location_name AS 面交地點,
    p.available AS 上架狀態
FROM post p
JOIN users u ON p.user_id = u.user_id
JOIN item i ON p.post_id = i.post_id
JOIN categories c ON i.category_id = c.category_id
JOIN location l ON i.location_id = l.location_id
ORDER BY p.post_id DESC;

-- 插入 account 資料（預設 username 分別是 user1 ~ user100，pwd 都是 1234）
INSERT INTO account (user_id, username, pwd)
SELECT 
    user_id, 
    'user' || user_id, 
    'scrypt:32768:8:1$EttjsbyinVKq1KvQ$f30b6ce3b47a860aec28685ea49f102d5ef1b03a08ee2fc5ee7d2e8e4f0e00e4d3f91bae845658d9d835d4f4be53a049761dda7814db9c3a6bb61b73e69fe479'
FROM users;ㄋ